role,skills
Data Scientist,Python SQL Machine Learning Data Analysis Statistics Pandas NumPy
DevOps Engineer,AWS Docker Kubernetes CI/CD Automation Cloud Linux Git
Backend Developer,Java Python SQL APIs Spring Boot Databases Git
Cloud Architect,AWS Cloud Computing Automation Docker Kubernetes Networking Security
Frontend Developer,JavaScript React CSS HTML UI Design Web Design Git
Data Engineer,Python SQL ETL Data Pipelines Spark Cloud AWS
ML Engineer,Python Machine Learning TensorFlow PyTorch Data Structures Algorithms
System Administrator,Linux Networking Automation Security Cloud Bash Scripting
Full Stack Developer,JavaScript Python React Node.js SQL APIs Git
Cybersecurity Analyst,Security Networking Linux Python Risk Assessment Cloud